{
  "baseUrl": "https://qa.epicdigitalau.com",
  "env": {
    "env": "qa",
    "accountsEmail": "accounts@epichubqa.onmicrosoft.com",
    "cancerCareAdminEmail": "cancerCareAdmin@epichubqa.onmicrosoft.com",
    "corporateAdminEmail": "corporateadminqa@epichubqa.onmicrosoft.com",
    "globalAdminEmail": "globaladmin-qa@epichubqa.onmicrosoft.com",
    "nurseEmail": "nurse@epichubqa.onmicrosoft.com",
    "pharmacistEmail": "pharmacist-qa@epichubqa.onmicrosoft.com",
    "pharmacistPin": "1234",
    "pharmacyAdminEmail": "pharmacy.admin2@epichubqa.onmicrosoft.com",
    "pharmacyAdminPin": "1234",
    "pharmacyAdminId": "0001780094",
    "pharmacyTechEmail": "pharmacytech@epichubqa.onmicrosoft.com",
    "pharmacyTechPin": "1234",
    "doctorEmail": "hddoctor@epichubqa.onmicrosoft.com",
    "password": "EpicNPQA@987!",
    "adminPassword": "EpicNPQA@987!G.",

    "doctorLastName": "marshall",
    "doctorFullName": "Phillip Marshall",
    "doctorPrescriberNumber": "1234123",
    "doctorProviderNumber": "170339WF",
    "doctorPracticeName": "Wesley",

    "searchLastName": "Qadxabvdasaveed",
    "searchFirstName": "Victoria",
    "searchUserId": "0001828371",
    "searchMedicare": "38212914439",
    "searchUrn": "0001828371",

    "searchDeceasedLastName": "Qajskqayvkwareg",
    "searchDeceasedFirstName": "Alana",
    "searchDeceasedUserId": "0001828418",
    "searchDeceasedMedicare": "63746119707",
    "searchDeceasedUrn": "0001828418",

    "hospitalCustomerId": "0000209728",
    "hospitalCustomerLastName": "Croston",
    "hospitalCustomerFullName": "CATHERINE CROSTON",
    "hospitalCustomerUrn": "123456",

    "agedCareCustomerId": "0000127540",
    "agedCareCustomerLastName": "Dart",
    "agedCareCustomerFullName": "Dart, John",
    "agedCareCustomerRegDrugCode": "HYB1",
    "agedCareCustomerRegDrugName": "HYDROXOCOBALAMIN",
    "agedCareCustomerPrnDrugCode": "MACR4",
    "agedCareCustomerPrnDrugName": "MACROGOL",
    "agedCareCustomerRegConDrugCode": "TARG6",
    "agedCareCustomerRegConDrugName": "OXYCODONE",

    "agedCareAltCustomerId": "0000015231",
    "agedCareAltCustomerLastName": "Gardiner",
    "agedCareAltCustomerFullName": "Gardiner, Joyce",
    "agedCareAltCustomerRegDrugCode": "OSMO1",
    "agedCareAltCustomerPrnDrugCode": "AL56",

    "agedCareConCustomerId": "0000015231",
    "agedCareConCustomerLastName": "Gardiner",
    "agedCareConCustomerFullName": "Gardiner, Joyce",
    "agedCareConCustomerPrnConDrugCode": "END3",

    "agedCareFacilityCode": "YERO",
    "agedCarePharmacyId": "72",
    "agedCareFacilityName": "Regis Yeronga",
    "agedCareFacilityWardName": "Ibis House",
    "agedCareFacilityWardCode": "YEIB",
    "agedCareFacilityAltWardName": "Kingfisher House",
    "agedCareFacilityAltWardCode": "YEKF",

    "patientChartflowImagePath": "chart-images/5b330bf8789689.63204632-0000209728.jpeg",
    "facilityChartflowImagePath": "chart-images/5c6365026a6f79.14067193-pid-44-fcode-sjgm.jpeg",

    "hospitalPharmacyId": "44",
    "hospitalPharmacyName": "Epic Pharmacy Murdoch",
    "hospitalFacilityName": "St John Of God Hospital Murdoch",
    "hospitalFacilityCode": "SJGM",
    "hospitalFacilityWardName": "St Catherine",
    "hospitalFacilityWardCode": "CATH",
    "hospitalFacilityUnknownWardName": "Unknown",
    "hospitalFacilityUnknownWardCode": "AAAA",
    "hospitalFacilityAltWardName": "St Elizabeth",
    "hospitalFacilityAltWardCode": "ELIZ",
    "hospitalFacilityAddress": "Lower Ground Floor, St John of God Hospital, 100 Murdoch Drive",
    "hospitalFacilitySuburb": "Murdoch",
    "hospitalFacilityState": "WA",
    "hospitalFacilityPostcode": "6150",

    "hospitalAltFacilityCode": "HPHO",
    "hospitalAltFacilityName": "Hollywood Private Hospital",
    "hospitalAltFacilityWardName": "John Carroll",
    "hospitalAltFacilityWardCode": "HCAR",

    "agedCareAltFacilityName": "Regis Birkdale",
    "agedCareAltFacilityWardName": "Hunter & Mclaren",

    "cancerCarePharmacyId": "82",
    "cancerCareFacilityName": "Icon Cancer Centre Hobart",
    "cancerCareFacilityCode": "HOB",
    "cancerCareFacilityWardName": "Radiation Oncology",
    "cancerCareFacilityWardCode": "HTRO",
    "cancerCareAltFacilityName": "Icon Cancer Center Revesby",
    "cancerCareAltFacilityWardName": "Medical Oncology Consultation",

    "ENV_URL": "https://hub-nonprod-qa-api.azurewebsites.net",
    "API_ENV_URL": "https://epichubqa.onmicrosoft.com/api",
    "API_CLIENT_ID": "af6d8957-d781-4ecd-95af-44c2eec194ec"
  }
}
